lambda_mean,lambda_ci_low_95,lambda_ci_high_95,collaborative_sign
-0.5549149480396626,-0.7020219902652503,-0.3623587771755875,negative
